{
  "id": null,
  "uid": "robot-logs",
  "title": "Robot Logs (Loki)",
  "version": 1,
  "timezone": "browser",
  "schemaVersion": 39,
  "editable": true,
  "tags": [
    "loki",
    "logs",
    "robot"
  ],
  "time": {
    "from": "now-6h",
    "to": "now"
  },
  "templating": {
    "list": [
      {
        "name": "v_scope",
        "type": "query",
        "query": {
          "query": "label_values(instrumentation_scope)",
          "refId": "A",
          "datasource": {
            "type": "loki",
            "uid": "loki"
          }
        },
        "datasource": {
          "type": "loki",
          "uid": "loki"
        },
        "current": {
          "text": "All",
          "value": ""
        },
        "includeAll": true,
        "multi": true,
        "refresh": 1,
        "hide": 0,
        "label": "instrumentation_scope"
      },
      {
        "name": "v_severity",
        "type": "query",
        "query": {
          "query": "label_values(severity_text)",
          "refId": "B",
          "datasource": {
            "type": "loki",
            "uid": "loki"
          }
        },
        "datasource": {
          "type": "loki",
          "uid": "loki"
        },
        "current": {
          "text": "All",
          "value": ""
        },
        "includeAll": true,
        "multi": true,
        "refresh": 1,
        "hide": 0,
        "label": "severity_text"
      },
      {
        "name": "v_observed_ts",
        "type": "textbox",
        "query": "",
        "label": "observed_timestamp_rfc3339 contains",
        "hide": 0
      }
    ]
  },
  "panels": [
    {
      "id": 1,
      "title": "Robot Logs (filtered)",
      "type": "logs",
      "datasource": {
        "type": "loki",
        "uid": "loki"
      },
      "gridPos": {
        "h": 10,
        "w": 24,
        "x": 0,
        "y": 0
      },
      "options": {
        "dedupStrategy": "none",
        "showLabels": true,
        "showTime": true,
        "wrapLogMessage": true
      },
      "targets": [
        {
          "refId": "A",
          "expr": "{job=\"robot-logs\",instrumentation_scope=~\"$v_scope\",severity_text=~\"$v_severity\"} | json |~ \"$v_observed_ts\""
        }
      ]
    },
    {
      "id": 2,
      "title": "Events by severity (5m)",
      "type": "timeseries",
      "datasource": {
        "type": "loki",
        "uid": "loki"
      },
      "gridPos": {
        "h": 8,
        "w": 12,
        "x": 0,
        "y": 10
      },
      "fieldConfig": {
        "defaults": {},
        "overrides": []
      },
      "options": {
        "legend": {
          "showLegend": true
        }
      },
      "targets": [
        {
          "refId": "B",
          "expr": "sum by (severity_text) (count_over_time({job=\"robot-logs\",instrumentation_scope=~\"$v_scope\",severity_text=~\"$v_severity\"} |= \"$v_observed_ts\" [5m]))"
        }
      ]
    },
    {
      "id": 3,
      "title": "Top eventName (last 1h)",
      "type": "bargauge",
      "datasource": {
        "type": "loki",
        "uid": "loki"
      },
      "gridPos": {
        "h": 8,
        "w": 12,
        "x": 12,
        "y": 10
      },
      "options": {
        "displayMode": "basic",
        "orientation": "horizontal",
        "reduceOptions": {
          "values": false,
          "calcs": [
            "lastNotNull"
          ],
          "fields": ""
        }
      },
      "targets": [
        {
          "refId": "C",
          "expr": "topk(5, sum by (eventName) (count_over_time({job=\"robot-logs\"} | json | eventName != \"\" [1h])))"
        }
      ]
    }
  ]
}